get|non|flaky|list 1,1,2 1,2,3 2,3,3 4,4,5 4,5,6 5,6,6 5,7,7 6,8,7 8,9,9 10,4,5 10,10,8 5,11,8 5,12,9 8,13,7 9,14,7 8,9,9 11,4,5 11,10,8 5,11,8 5,12,9 8,13,7 9,14,7 12,15,7 12,16,13 7,17,13 14,18,15 1,19,3 2,20,14 2,21,15 14,22,1 15,23,1 15,24,3 14,18,16 8,25,17 8,26,9 17,27,9 13,28,8 13,29,17 18,30,7 18,31,19 7,32,19 7,33,7 19,30,7 19,34,13 7,35,13 7,36,8 1,37,18 1,38,7 17,39,3 9,40,3 20,41,14 20,42,16 14,43,1 16,44,1 16,45,18 21,4,5 21,46,20 5,47,20 5,48,14 9,49,7 3,50,7 8,25,22 8,26,9 22,27,9 13,51,8 13,52,22 21,53,23 21,54,24 23,55,24 23,56,23 24,57,23 24,58,13 23,59,13 23,60,8 21,4,5 21,61,21 5,62,21 5,63,23 22,64,7 9,65,7 8,25,22 8,26,9 22,27,9 13,66,8 13,67,22 25,4,5 25,46,13 5,47,13 5,68,8 22,69,7 9,70,7 14,18,26 1,71,21 1,19,3 21,72,3 27,41,14 27,42,26 14,43,1 26,44,1 26,73,21 28,4,5 28,46,27 5,47,27 5,48,14 21,74,7 3,50,7 14,18,29 14,18,30 1,75,31 1,19,3 31,76,3 28,41,14 28,42,29 14,77,14 29,78,14 29,79,30 14,43,1 30,44,1 30,80,31 32,4,5 32,46,28 5,47,28 5,48,14 31,81,7 3,50,7 14,18,16 14,18,33 1,71,32 1,19,3 32,72,3 7,82,14 7,83,33 14,84,1 33,85,1 33,86,32 34,30,7 34,31,35 7,32,35 7,33,7 35,30,7 35,87,7 7,88,7 7,89,14 1,37,34 1,38,7 32,90,3 3,91,3 20,41,14 20,42,16 14,43,1 16,44,1 16,45,34 36,4,5 36,46,20 5,47,20 5,48,14 3,92,7 3,50,7 8,25,37 8,26,9 37,27,9 13,66,8 13,67,37 38,4,5 38,46,13 5,47,13 5,68,8 37,69,7 9,70,7 8,25,37 8,26,9 37,27,9 13,66,8 13,67,37 39,4,5 39,46,13 5,47,13 5,68,8 37,69,7 9,70,7 40,4,5 40,93,41 5,94,41 5,7,7 41,95,7 38,4,5 38,96,39 5,97,39 5,7,7 39,98,7 14,18,42 38,99,7 38,100,36 7,101,36 1,102,38 1,38,7 7,103,3 36,104,3 20,41,14 20,42,42
get|flaky|list 1,1,43 1,2,3 43,3,3 4,4,5 4,5,6 5,6,6 5,7,7 6,8,7 8,9,9 10,4,5 10,10,8 5,11,8 5,12,9 8,13,7 9,14,7 8,9,9 11,4,5 11,10,8 5,11,8 5,12,9 8,13,7 9,14,7 12,15,7 12,16,13 7,17,13 14,18,15 1,19,3 43,20,14 43,21,15 14,22,1 15,23,1 15,24,3 14,18,16 8,25,17 8,26,9 17,27,9 13,28,8 13,29,17 18,30,7 18,31,19 7,32,19 7,33,7 19,30,7 19,34,13 7,35,13 7,36,8 1,37,18 1,38,7 17,39,3 9,40,3 20,41,14 20,42,16 14,43,1 16,44,1 16,45,18 21,4,5 21,46,20 5,47,20 5,48,14 9,49,7 3,50,7 8,25,22 8,26,9 22,27,9 13,51,8 13,52,22 21,53,23 21,54,24 23,55,24 23,56,23 24,57,23 24,58,13 23,59,13 23,60,8 21,4,5 21,61,21 5,62,21 5,63,23 22,64,7 9,65,7 8,25,22 8,26,9 22,27,9 13,66,8 13,67,22 25,4,5 25,46,13 5,47,13 5,68,8 22,69,7 9,70,7 14,18,26 1,71,21 1,19,3 21,72,3 27,41,14 27,42,26 14,43,1 26,44,1 26,73,21 28,4,5 28,46,27 5,47,27 5,48,14 21,74,7 3,50,7 14,18,29 14,18,30 1,75,31 1,19,3 31,76,3 28,41,14 28,42,29 14,77,14 29,78,14 29,79,30 14,43,1 30,44,1 30,80,31 32,4,5 32,46,28 5,47,28 5,48,14 31,81,7 3,50,7 14,18,16 14,18,33 1,71,32 1,19,3 32,72,3 7,82,14 7,83,33 14,84,1 33,85,1 33,86,32 34,30,7 34,31,35 7,32,35 7,33,7 35,30,7 35,87,7 7,88,7 7,89,14 1,37,34 1,38,7 32,90,3 3,91,3 20,41,14 20,42,16 14,43,1 16,44,1 16,45,34 36,4,5 36,46,20 5,47,20 5,48,14 3,92,7 3,50,7 8,25,37 8,26,9 37,27,9 13,66,8 13,67,37 38,4,5 38,46,13 5,47,13 5,68,8 37,69,7 9,70,7 8,25,37 8,26,9 37,27,9 13,66,8 13,67,37 39,4,5 39,46,13 5,47,13 5,68,8 37,69,7 9,70,7 40,4,5 40,93,41 5,94,41 5,7,7 41,95,7 38,4,5 38,96,39 5,97,39 5,7,7 39,98,7 14,18,42 38,99,7 38,100,36 7,101,36 1,102,38 1,38,7 7,103,3 36,104,3 20,41,14 20,42,42
test|cannot|specify|both|producer|and|type 1,1,44 1,2,3 44,3,3 1,19,3 45,105,1 45,106,3 45,4,5 45,46,45 5,47,45 5,107,1 1,108,46 3,50,46 14,18,47 1,71,48 1,19,3 48,72,3 44,109,14 44,110,47 14,111,1 47,112,1 47,113,48 14,18,49 50,114,5 50,115,51 5,116,51 52,114,5 52,115,53 5,116,53 54,30,7 54,117,50 7,118,50 7,119,5 5,120,7 51,121,7 51,122,52 7,118,52 7,119,5 1,37,54 1,38,7 5,123,3 53,124,3 45,125,14 45,126,49 14,127,1 49,128,1 49,129,54 53,130,3 3,131,3 46,132,55 46,133,45 55,134,45 55,135,14 3,136,3 3,137,3 56,138,44 56,139,14 48,140,57 3,141,57 3,142,46 57,143,46 57,144,55 46,132,58 46,145,45 58,146,45 58,147,5 3,148,56 46,149,56 46,150,44 3,151,3 3,152,3 41,153,59 41,154,1 59,155,1 59,156,44 44,157,57 3,158,57 3,159,46 57,160,46 57,161,58
append|list|as|row 25,162,7 25,163,60 7,164,60 1,165,25 1,166,7 7,167,3 60,168,3 61,114,5 61,115,7 5,116,7 62,114,5 62,115,31 5,116,31 25,99,7 25,169,54 7,32,54 7,33,7 54,30,7 54,117,61 7,118,61 7,119,5 5,120,7 7,121,7 7,122,62 7,118,62 7,119,5 1,102,25 1,38,7 5,123,3 31,124,3 63,170,1 63,171,25 31,172,64 3,173,64 3,174,65 64,175,65 1,71,65 1,19,3 65,72,3 66,105,1 66,176,65 67,4,5 67,46,66 5,47,66 5,107,1 65,74,46 3,50,46 14,18,68 1,71,60 1,19,3 60,72,3 67,125,14 67,126,68 14,127,1 68,128,1 68,177,60 60,178,7 3,131,7 46,132,69 46,145,67 69,146,67 69,147,5 3,179,67 46,180,67 46,181,14 3,136,7 7,137,7 56,182,63 56,183,1 64,184,57 65,185,57 65,186,46 57,143,46 57,144,69 7,132,7 7,187,56 7,188,56 7,189,63 7,151,7 7,152,7 41,153,59 41,154,1 59,155,1 59,190,25 60,191,57 3,158,57 3,159,7 57,160,7 57,161,7
test|can|obtain|a|column|type 1,1,44 1,2,3 44,3,3 1,19,3 45,105,1 45,106,3 45,4,5 45,46,45 5,47,45 5,107,1 1,108,46 3,50,46 14,18,49 52,114,5 52,115,53 5,116,53 54,30,7 54,117,52 7,118,52 7,119,5 1,37,54 1,38,7 5,123,3 53,124,3 45,125,14 45,126,49 14,127,1 49,128,1 49,129,54 53,130,46 3,131,46 14,18,70 54,192,7 1,193,54 1,194,7 54,195,3 7,196,3 14,18,71 45,197,14 45,198,71 7,199,7 3,200,7 3,201,45 7,35,45 7,89,14 1,202,1 1,203,54 14,204,3 71,205,3 44,125,14 44,126,70 14,127,1 70,128,1 70,206,1 71,207,46 3,131,46 14,18,70 14,18,72 8,208,6 8,26,9 6,209,9 14,18,73 45,197,14 45,198,72 14,210,8 72,211,8 72,212,6 6,213,14 9,214,14 9,215,73 54,30,7 54,34,45 7,35,45 7,89,14 1,37,54 1,38,7 14,204,3 73,205,3 44,125,14 44,126,70 14,127,1 70,128,1 70,129,54 73,207,46 3,131,46 14,18,70 14,18,72 8,208,6 8,26,9 6,209,9 14,18,52 45,197,14 45,198,72 14,210,8 72,211,8 72,212,6 6,213,14 9,214,14 9,215,52 53,30,7 53,34,45 7,35,45 7,89,14 1,37,53 1,38,7 14,204,3 52,205,3 44,125,14 44,126,70 14,127,1 70,128,1 70,129,53 52,207,46 3,131,46 14,18,70 74,216,75 14,18,72 8,208,6 8,26,9 6,209,9 14,18,76 45,197,14 45,198,72 14,210,8 72,211,8 72,212,6 6,213,14 9,214,14 9,215,76 74,217,7 75,218,7 75,219,45 7,35,45 7,89,14 1,220,74 1,221,75 14,204,3 76,205,3 44,125,14 44,126,70 14,127,1 70,128,1 70,222,74 76,207,3 3,131,3 46,132,58 46,145,45 58,146,45 58,147,5 3,179,45 46,180,45 46,181,14 3,223,44 46,180,44 46,181,14 3,223,44 46,180,44 46,181,14 3,223,44 46,180,44 46,181,14 3,223,44 46,180,44 46,181,14 3,136,3 3,137,3 41,153,59 41,154,1 59,155,1 59,156,44 44,157,57 3,158,57 3,159,46 57,160,46 57,161,58
test|can|specify|header|visibility 1,1,44 1,2,3 44,3,3 77,224,5 77,225,78 5,226,78 1,227,77 1,228,5 5,229,3 78,230,3 45,105,1 45,231,77 45,4,5 45,46,45 5,47,45 5,107,1 78,232,46 3,50,46 14,18,79 14,18,77 45,233,14 45,234,77 1,235,45 1,236,14 14,237,3 77,238,3 44,125,14 44,126,79 14,127,1 79,128,1 79,239,45 77,240,3 3,131,3 46,132,58 46,145,45 58,146,45 58,147,5 3,179,44 46,180,44 46,181,14 3,136,3 3,137,3 41,153,59 41,154,1 59,155,1 59,156,44 44,157,57 3,158,57 3,159,46 57,160,46 57,161,58
test|can|define|column|configuration 1,1,44 1,2,3 44,3,3 1,19,3 45,105,1 45,106,3 45,4,5 45,46,45 5,47,45 5,107,1 1,108,46 3,50,46 14,18,49 52,114,5 52,115,53 5,116,53 54,241,57 54,242,80 57,243,80 74,244,54 74,245,57 57,246,75 80,247,75 76,114,5 76,248,74 5,249,74 5,250,54 54,30,7 54,117,52 7,118,52 7,119,5 5,120,7 53,121,7 53,122,76 7,118,76 7,119,5 1,37,54 1,38,7 80,251,3 75,252,3 45,125,14 45,126,49 14,127,1 49,128,1 49,129,54 75,253,46 3,131,46 14,18,70 54,192,7 1,193,54 1,194,7 54,195,3 7,196,3 14,18,71 45,197,14 45,198,71 7,199,7 3,200,7 3,201,45 7,35,45 7,89,14 1,202,1 1,203,54 14,204,3 71,205,3 44,125,14 44,126,70 14,127,1 70,128,1 70,206,1 71,207,46 3,131,46 14,18,70 14,18,72 8,208,6 8,26,9 6,209,9 14,18,73 45,197,14 45,198,72 14,210,8 72,211,8 72,212,6 6,213,14 9,214,14 9,215,73 54,30,7 54,34,45 7,35,45 7,89,14 1,37,54 1,38,7 14,204,3 73,205,3 44,125,14 44,126,70 14,127,1 70,128,1 70,129,54 73,207,46 3,131,46 14,18,70 14,18,72 8,208,6 8,26,9 6,209,9 14,18,52 45,197,14 45,198,72 14,210,8 72,211,8 72,212,6 6,213,14 9,214,14 9,215,52 53,30,7 53,34,45 7,35,45 7,89,14 1,37,53 1,38,7 14,204,3 52,205,3 44,125,14 44,126,70 14,127,1 70,128,1 70,129,53 52,207,46 3,131,46 14,18,70 54,241,57 54,242,80 57,243,80 74,254,54 74,255,57 57,256,75 80,257,75 14,18,72 8,208,6 8,26,9 6,209,9 14,18,76 45,197,14 45,198,72 14,210,8 72,211,8 72,212,6 6,213,14 9,214,14 9,215,76 80,258,7 75,218,7 75,219,45 7,35,45 7,89,14 1,220,74 1,259,54 14,204,3 76,205,3 44,125,14 44,126,70 14,127,1 70,128,1 70,222,74 76,207,3 3,131,3 46,132,58 46,145,45 58,146,45 58,147,5 3,179,45 46,180,45 46,181,14 3,223,44 46,180,44 46,181,14 3,223,44 46,180,44 46,181,14 3,223,44 46,180,44 46,181,14 3,223,44 46,180,44 46,181,14 3,136,3 3,137,3 41,153,59 41,154,1 59,155,1 59,156,44 44,157,57 3,158,57 3,159,46 57,160,46 57,161,58
test|creates|different|producers|when|multiple|columns 1,1,44 1,2,3 44,3,3 1,19,3 45,105,1 45,106,3 45,4,5 45,46,45 5,47,45 5,107,1 1,108,46 3,50,46 14,18,49 52,114,5 52,115,53 5,116,53 54,30,7 54,117,52 7,118,52 7,119,5 1,37,54 1,38,7 5,123,3 53,124,3 45,125,14 45,126,49 14,127,1 49,128,1 49,129,54 53,130,46 3,131,46 14,18,49 52,114,5 52,115,53 5,116,53 81,30,7 81,117,52 7,118,52 7,119,5 1,37,81 1,38,7 5,123,3 53,124,3 45,125,14 45,126,49 14,127,1 49,128,1 49,129,81 53,130,46 3,131,46 14,18,49 52,114,5 52,115,53 5,116,53 82,30,7 82,117,52 7,118,52 7,119,5 1,37,82 1,38,7 5,123,3 53,124,3 45,125,14 45,126,49 14,127,1 49,128,1 49,129,82 53,130,46 3,131,46 14,18,70 54,192,7 54,260,81 7,261,81 7,262,7 81,192,7 81,260,82 7,261,82 1,193,54 1,194,7 7,196,3 82,195,3 14,18,71 45,197,14 45,198,71 82,263,7 3,200,7 3,201,45 7,35,45 7,89,14 1,202,1 1,203,54 14,204,3 71,205,3 44,125,14 44,126,70 14,127,1 70,128,1 70,206,1 71,207,46 3,131,46 14,18,70 14,18,72 45,233,14 45,234,72 1,235,45 1,236,14 14,237,3 72,238,3 83,264,1 83,265,45 84,266,7 84,267,83 7,35,83 7,268,1 1,269,84 1,38,7 72,270,3 3,91,3 44,125,14 44,126,70 14,127,1 70,128,1 70,271,84 3,272,46 3,131,46 14,18,72 45,197,14 45,198,72 14,18,73 85,273,14 85,274,73 86,275,85 86,276,57 85,277,57 85,278,85 57,279,85 57,280,14 87,114,5 87,281,86 5,282,86 5,283,85 14,284,7 72,285,7 72,286,87 7,118,87 7,119,5 1,287,45 1,288,14 14,289,3 73,290,3 88,105,1 88,291,45 72,4,5 72,46,88 5,47,88 5,107,1 3,50,46 14,18,70 8,208,6 8,26,9 6,209,9 14,18,73 72,28,8 72,292,6 6,213,14 9,214,14 9,215,73 54,30,7 54,34,72 7,35,72 7,36,8 1,37,54 1,38,7 14,204,3 73,205,3 44,125,14 44,126,70 14,127,1 70,128,1 70,129,54 73,207,46 3,131,46 14,18,70 8,208,6 8,26,9 6,209,9 14,18,52 72,28,8 72,292,6 6,213,14 9,214,14 9,215,52 53,30,7 53,34,72 7,35,72 7,36,8 1,37,53 1,38,7 14,204,3 52,205,3
test|can|create|column|by|referencing|producer 1,1,44 1,2,3 44,3,3 1,19,3 45,105,1 45,106,3 45,4,5 45,46,45 5,47,45 5,107,1 1,108,46 3,50,46 14,18,89 52,114,5 52,115,53 5,116,53 51,30,7 51,117,52 7,118,52 7,119,5 1,37,51 1,38,7 5,123,3 53,124,3 45,125,14 45,126,89 14,127,1 89,128,1 89,129,51 53,130,46 3,131,46 14,18,49 50,114,5 50,115,51 5,116,51 54,30,7 54,117,50 7,118,50 7,119,5 1,37,54 1,38,7 5,123,3 51,124,3 45,125,14 45,126,49 14,127,1 49,128,1 49,129,54 51,130,46 3,131,46 14,18,70 54,192,7 1,193,54 1,194,7 54,195,3 7,196,3 14,18,71 45,197,14 45,198,71 7,199,7 3,200,7 3,201,45 7,35,45 7,89,14 1,202,1 1,203,54 14,204,3 71,205,3 44,125,14 44,126,70 14,127,1 70,128,1 70,206,1 71,207,46 3,131,46 14,18,70 14,18,72 45,233,14 45,234,72 1,235,45 1,236,14 14,237,3 72,238,3 83,264,1 83,265,45 90,266,7 90,267,83 7,35,83 7,268,1 1,269,90 1,38,7 72,270,3 3,91,3 44,125,14 44,126,70 14,127,1 70,128,1 70,271,90 3,272,46 3,131,46 14,18,70 14,18,72 8,208,6 8,26,9 6,209,9 14,18,73 45,197,14 45,198,72 14,210,8 72,211,8 72,212,6 6,213,14 9,214,14 9,215,73 51,30,7 51,34,45 7,35,45 7,89,14 1,37,51 1,38,7 14,204,3 73,205,3 44,125,14 44,126,70 14,127,1 70,128,1 70,129,51 73,207,46 3,131,46 14,18,70 14,18,72 8,208,6 8,26,9 6,209,9 14,18,52 45,197,14 45,198,72 14,210,8 72,211,8 72,212,6 6,213,14 9,214,14 9,215,52 53,30,7 53,34,45 7,35,45 7,89,14 1,37,53 1,38,7 14,204,3 52,205,3 44,125,14 44,126,70 14,127,1 70,128,1 70,129,53 52,207,46 3,131,46 14,18,70 74,216,75 14,18,72 8,208,6 8,26,9 6,209,9 14,18,76 45,197,14 45,198,72 14,210,8 72,211,8 72,212,6 6,213,14 9,214,14 9,215,76 74,217,7 75,218,7 75,219,45 7,35,45 7,89,14 1,220,74 1,221,75 14,204,3 76,205,3 44,125,14 44,126,70 14,127,1 70,128,1 70,222,74 76,207,46 3,131,46 14,18,70 14,18,91 45,233,14 45,234,91 1,235,45 1,236,14 14,237,3 91,238,3 83,264,1 83,265,45 90,266,7
test|can|create|columns|with|same|producer 1,1,44 1,2,3 44,3,3 1,19,3 45,105,1 45,106,3 45,4,5 45,46,45 5,47,45 5,107,1 1,108,46 3,50,46 14,18,89 52,114,5 52,115,53 5,116,53 51,30,7 51,117,52 7,118,52 7,119,5 1,37,51 1,38,7 5,123,3 53,124,3 45,125,14 45,126,89 14,127,1 89,128,1 89,129,51 53,130,46 3,131,46 14,18,49 50,114,5 50,115,51 5,116,51 54,30,7 54,117,50 7,118,50 7,119,5 1,37,54 1,38,7 5,123,3 51,124,3 45,125,14 45,126,49 14,127,1 49,128,1 49,129,54 51,130,46 3,131,46 14,18,49 50,114,5 50,115,51 5,116,51 81,30,7 81,117,50 7,118,50 7,119,5 1,37,81 1,38,7 5,123,3 51,124,3 45,125,14 45,126,49 14,127,1 49,128,1 49,129,81 51,130,46 3,131,46 14,18,70 54,192,7 54,260,81 7,261,81 1,193,54 1,194,7 7,196,3 81,195,3 14,18,71 45,197,14 45,198,71 81,263,7 3,200,7 3,201,45 7,35,45 7,89,14 1,202,1 1,203,54 14,204,3 71,205,3 44,125,14 44,126,70 14,127,1 70,128,1 70,206,1 71,207,46 3,131,46 14,18,70 14,18,72 45,233,14 45,234,72 1,235,45 1,236,14 14,237,3 72,238,3 83,264,1 83,265,45 90,266,7 90,267,83 7,35,83 7,268,1 1,269,90 1,38,7 72,270,3 3,91,3 44,125,14 44,126,70 14,127,1 70,128,1 70,271,90 3,272,46 3,131,46 14,18,70 14,18,72 8,208,6 8,26,9 6,209,9 14,18,73 45,197,14 45,198,72 14,210,8 72,211,8 72,212,6 6,213,14 9,214,14 9,215,73 51,30,7 51,34,45 7,35,45 7,89,14 1,37,51 1,38,7 14,204,3 73,205,3 44,125,14 44,126,70 14,127,1 70,128,1 70,129,51 73,207,46 3,131,46 14,18,70 14,18,72 8,208,6 8,26,9 6,209,9 14,18,52 45,197,14 45,198,72 14,210,8 72,211,8 72,212,6 6,213,14 9,214,14 9,215,52 53,30,7 53,34,45 7,35,45 7,89,14 1,37,53 1,38,7 14,204,3 52,205,3 44,125,14 44,126,70 14,127,1 70,128,1 70,129,53 52,207,46 3,131,46 14,18,70 74,216,75 14,18,72 8,208,6 8,26,9 6,209,9 14,18,76 45,197,14 45,198,72 14,210,8 72,211,8 72,212,6 6,213,14 9,214,14 9,215,76 74,217,7 75,218,7 75,219,45 7,35,45 7,89,14 1,220,74
test|str 1,1,44 1,2,3 44,3,3 1,19,3 45,105,1 45,106,3 45,4,5 45,46,45 5,47,45 5,107,1 1,108,46 3,50,46 14,18,89 52,114,5 52,115,53 5,116,53 51,30,7 51,117,52 7,118,52 7,119,5 1,37,51 1,38,7 5,123,3 53,124,3 45,125,14 45,126,89 14,127,1 89,128,1 89,129,51 53,130,46 3,131,46 14,18,49 50,114,5 50,115,51 5,116,51 54,30,7 54,117,50 7,118,50 7,119,5 1,37,54 1,38,7 5,123,3 51,124,3 45,125,14 45,126,49 14,127,1 49,128,1 49,129,54 51,130,46 3,131,46 14,18,49 50,114,5 50,115,51 5,116,51 81,30,7 81,117,50 7,118,50 7,119,5 1,37,81 1,38,7 5,123,3 51,124,3 45,125,14 45,126,49 14,127,1 49,128,1 49,129,81 51,130,46 3,131,46 14,18,92 14,18,93 20,197,14 20,198,93 94,30,7 94,34,20 7,35,20 7,89,14 1,37,94 1,38,7 14,204,3 93,205,3 20,41,14 20,42,92 14,43,1 92,44,1 92,45,94 95,4,5 95,46,20 5,47,20 5,48,14 93,293,46 3,50,46 14,18,96 1,71,45 1,19,3 45,72,3 97,264,1 97,294,45 45,295,7 3,296,7 3,297,95 7,101,95 1,287,97 1,298,1 7,103,3 95,104,3 44,125,14 44,126,96 14,127,1 96,128,1 96,299,97 95,300,3 3,131,3 46,132,58 46,145,45 58,146,45 58,147,5 3,179,45 46,180,45 46,181,14 3,223,45 46,180,45 46,181,14 3,223,45 46,180,45 46,181,14 3,301,95 46,302,95 46,303,5 3,179,44 46,180,44 46,181,14 3,136,3 3,137,3 41,153,59 41,154,1 59,155,1 59,156,44 44,157,57 3,158,57 3,159,46 57,160,46 57,161,58
